survey_organization,mean_approval_percent,mean_disapprove_percent,mean_undecided_percent
CBS,44.28099173553719,47.29752066115702,8.363636363636363
CNN,47.74098360655738,49.67213114754098,2.6470588235294117
FOX,44.96907216494845,48.228865979381446,7.053719008264463
Ipsos/Reuters,43.754527162977865,52.012072434607646,4.0535279805352795
YouGov/Economist,43.25107296137339,52.17167381974249,4.58653149891383
