survey_organization,mean_approval_percent,mean_disapprove_percent,mean_undecided_percent
CBS,78.2,14.9,6.766666666666667
CNN,83.9090909090909,14.090909090909092,2.1451612903225805
FOX,81.78991596638656,12.882352941176471,5.352941176470588
Ipsos/Reuters,78.59677419354838,18.798387096774192,2.4329896907216493
YouGov/Economist,79.97982708933718,16.046109510086456,3.8956521739130436
